{
    "root_group": {
        "name": "",
        "path": "",
        "id": "d41d8cd98f00b204e9800998ecf8427e",
        "groups": {},
        "checks": {}
    },
    "metrics": {
        "vus_max": {
            "value": 90,
            "min": 90,
            "max": 90
        },
        "iterations": {
            "count": 8999,
            "rate": 73.97389139550467
        },
        "http_req_sending": {
            "med": 0,
            "p(99)": 0.5211039999999993,
            "p(95)": 0,
            "avg": 0.008304792243767308
        },
        "http_req_connecting": {
            "avg": 0.010094188365650968,
            "med": 0,
            "p(99)": 0.40905899999980644,
            "p(95)": 0
        },
        "data_sent": {
            "count": 4114276,
            "rate": 33820.314034351744
        },
        "data_received": {
            "count": 8825709,
            "rate": 72549.39871700501
        },
        "http_req_duration{endpoint:/lectures/{lectureId}}": {
            "med": 7.0869,
            "p(99)": 19.51626800000004,
            "p(95)": 11.705750000000002,
            "avg": 7.646703889321071,
            "thresholds": {
                "avg>0": false
            }
        },
        "http_req_duration{expected_response:true}": {
            "med": 10.06945,
            "p(99)": 30.012095000000063,
            "p(95)": 19.491975000000004,
            "avg": 11.310136940006608
        },
        "http_reqs": {
            "count": 18050,
            "rate": 148.37523499153897
        },
        "http_req_waiting": {
            "avg": 11.186821445983298,
            "med": 9.9533,
            "p(99)": 30.19188799999994,
            "p(95)": 19.262809999999998
        },
        "read_visible_rate": {
            "passes": 8851,
            "fails": 148,
            "value": 0.9835537281920214
        },
        "http_req_tls_handshaking": {
            "med": 0,
            "p(99)": 0,
            "p(95)": 0,
            "avg": 0
        },
        "iteration_duration": {
            "med": 122.0589,
            "p(99)": 156.03286400000013,
            "p(95)": 134.10295000000002,
            "avg": 123.42140230025538
        },
        "http_req_duration{endpoint:/lectures/create}": {
            "med": 14.1119,
            "p(99)": 36.658446000000005,
            "p(95)": 22.41806,
            "avg": 15.022497488609789,
            "thresholds": {
                "avg>0": false
            }
        },
        "http_req_receiving": {
            "med": 0,
            "p(99)": 1.0403649999999975,
            "p(95)": 0.6143099999999998,
            "avg": 0.14175903047091445
        },
        "vus": {
            "value": 0,
            "min": 0,
            "max": 15
        },
        "http_req_duration": {
            "med": 10.07165,
            "p(99)": 30.85637499999982,
            "p(95)": 19.539835,
            "avg": 11.336885268697985
        },
        "http_req_blocked": {
            "p(99)": 0.5544319999999949,
            "p(95)": 0,
            "avg": 0.012316144044321324,
            "med": 0
        },
        "http_req_failed": {
            "passes": 148,
            "fails": 17902,
            "value": 0.0081994459833795
        }
    },
    "setup_data": {
        "courseIds": [
            "019c1691-f867-7472-a9fb-68b39b0a4103",
            "019c1691-f87d-7c24-92ea-1e3544dc62bf",
            "019c1691-f889-747e-ab93-bc773659302f",
            "019c1691-f895-7e31-b825-7a5af9d590b3",
            "019c1691-f8a2-7a04-9f30-4cfda117df44",
            "019c1691-f8ae-7411-b858-6d7e568cadb6",
            "019c1691-f8ba-7a11-80f0-22ce010d30f2",
            "019c1691-f8c4-7087-833a-16f13a9c4ab0",
            "019c1691-f8d1-7f2e-8d68-fdc7e06f35ae",
            "019c1691-f8db-7e6e-8ff9-5725786a982c",
            "019c1691-f8e6-7c9a-b541-57edc7c4bb94",
            "019c1691-f8f0-70eb-80c3-7ff497b611b8",
            "019c1691-f8fa-75d6-ba35-35e629837a9b",
            "019c1691-f907-72b3-aa5c-87b1b0cc6791",
            "019c1691-f914-79d9-a033-a14061043ec4",
            "019c1691-f91e-7380-889e-a13fa94513f0",
            "019c1691-f929-7375-a77f-c80a1640074c",
            "019c1691-f935-7a49-90f1-ea6f600292ae",
            "019c1691-f943-75a2-ad53-c5fadc5aa149",
            "019c1691-f94f-74b3-ae81-6133cd0f0179",
            "019c1691-f95c-78f7-926b-c433dc3b8682",
            "019c1691-f969-7741-8570-be916b27923b",
            "019c1691-f976-7e92-88bf-931d2a728080",
            "019c1691-f983-7a3e-bc6d-31066dd172c9",
            "019c1691-f98f-7684-bb38-9fd279c8501e",
            "019c1691-f99c-72e1-b967-17e34b30baf8",
            "019c1691-f9a8-7397-8479-90bb24f0d91d",
            "019c1691-f9b4-71b2-92c4-69e61d373122",
            "019c1691-f9c1-7b8d-8bd7-2fef83410e23",
            "019c1691-f9cd-7892-8108-aa56331a3036",
            "019c1691-f9da-752e-954e-d63618aecbee",
            "019c1691-f9e6-7dfe-ab35-7de64f215620",
            "019c1691-f9f3-77a9-8773-f9a7ed946764",
            "019c1691-fa01-74e2-8e94-eec325f7715e",
            "019c1691-fa0d-7421-b16c-73b3fdcb7dae",
            "019c1691-fa1a-7787-9ec0-4da8222f04ef",
            "019c1691-fa27-7fba-868f-7a505f2e846c",
            "019c1691-fa34-7c0f-a498-68dbc8783740",
            "019c1691-fa42-70e9-a9cd-59121398cdb3",
            "019c1691-fa4f-7d08-8424-d0c6c4cc8774",
            "019c1691-fa5c-7101-b80c-16d6fa74fee3",
            "019c1691-fa69-7dbe-919b-c84fd28f5fd6",
            "019c1691-fa76-70e1-b296-7444fe07c785",
            "019c1691-fa82-7cbd-b2a1-6aac0b851ab4",
            "019c1691-fa8d-7e5e-9bba-88fb88c675e1",
            "019c1691-fa98-7f7a-b91f-24ab596c402e",
            "019c1691-faa2-773b-a4d0-0bdad354f6a7",
            "019c1691-faac-7d48-afaf-ee53fceeaa7f",
            "019c1691-fab6-7538-a667-30aff6d80a5a",
            "019c1691-fabf-7d8f-8363-22acf788dd55"
        ],
        "professorId": "019c1691-f855-72da-b420-b685f9199a72"
    }
}